section,chn_title,en_title,country,year,length,count,price,screen_time,screen_location
“天坛奖”主竞赛,安纳托利亚豹,Anatolian Leopard,土耳其/波兰/丹麦/德国,2021,108,3,70,2022-08-14 20:20:00,英嘉国际影城（金源NEW CINITY店）4号厅
“天坛奖”主竞赛,安纳托利亚豹,Anatolian Leopard,土耳其/波兰/丹麦/德国,2021,108,3,70,2022-08-16 15:45:00,万达影城（CBD万达广场店）9号PRIME厅
“天坛奖”主竞赛,安纳托利亚豹,Anatolian Leopard,土耳其/波兰/丹麦/德国,2021,108,3,70,2022-08-02 15:00:00,卢米埃影城（长楹天街IMAX店）三号厅
“天坛奖”主竞赛,珍妮热线,Call Jane,美国,2022,121,3,70,2022-08-15 20:50:00,北京剧院大剧场激光4K厅
“天坛奖”主竞赛,珍妮热线,Call Jane,美国,2022,121,3,70,2022-08-16 19:30:00,中间影院剧场厅
“天坛奖”主竞赛,珍妮热线,Call Jane,美国,2022,121,3,70,2022-08-17 15:45:00,万达影城（CBD万达广场店）9号PRIME厅
“天坛奖”主竞赛,速度与爱情,Fast & Feel Love,泰国,2022,132,3,70,2022-08-15 17:45:00,中国电影资料馆艺术影院1号厅
“天坛奖”主竞赛,速度与爱情,Fast & Feel Love,泰国,2022,132,3,70,2022-08-17 13:00:00,万达影城（CBD万达广场店）9号PRIME厅
“天坛奖”主竞赛,速度与爱情,Fast & Feel Love,泰国,2022,132,3,70,2022-08-21 15:30:00,深影国际影城（学院南路店）1号厅
“天坛奖”主竞赛,全职,Full Time,法国,2021,87,3,70,2022-08-16 21:00:00,北京地质礼堂一号厅
“天坛奖”主竞赛,全职,Full Time,法国,2021,87,3,70,2022-08-18 13:00:00,万达影城（CBD万达广场店）9号PRIME厅
“天坛奖”主竞赛,全职,Full Time,法国,2021,87,3,70,2022-08-19 16:00:00,中间影院剧场厅
“天坛奖”主竞赛,海的尽头是草原,In Search of Lost Time,中国,2022,123.0,1,70,2022-08-13 16:00:00,万达影城（CBD万达广场店）9号PRIME厅
“天坛奖”主竞赛,回西藏,Kong and Jigme,中国,2022.0,110.0,3,70,2022-08-14 18:30:00,万达影城（CBD万达广场店）9号PRIME厅
“天坛奖”主竞赛,回西藏,Kong and Jigme,中国,2022.0,110.0,3,70,2022-08-16 18:30:00,百老汇电影中心（万国城店）1号厅
“天坛奖”主竞赛,回西藏,Kong and Jigme,中国,2022.0,110.0,3,70,2022-08-21 13:00:00,寰映影城（合生汇店）7号厅
“天坛奖”主竞赛,杰伊·比姆,Jai Bhim,印度,2021.0,164,3,70,2022-08-13 12:00:00,万达影城（CBD万达广场店）9号PRIME厅
“天坛奖”主竞赛,杰伊·比姆,Jai Bhim,印度,2021.0,164,3,70,2022-08-19 10:00:00,中国电影资料馆艺术影院1号厅
“天坛奖”主竞赛,杰伊·比姆,Jai Bhim,印度,2021.0,164,3,70,2022-08-02 20:00:00,北京地质礼堂一号厅
“天坛奖”主竞赛,追月,Off the Stage,中国,2022.0,123.0,3,70,2022-08-13 18:30:00,百老汇电影中心（万国城店）1号厅
“天坛奖”主竞赛,追月,Off the Stage,中国,2022.0,123.0,3,70,2022-08-14 13:00:00,万达影城（CBD万达广场店）9号PRIME厅
“天坛奖”主竞赛,追月,Off the Stage,中国,2022.0,123.0,3,70,2022-08-17 15:30:00,寰映影城（合生汇店）7号厅
“天坛奖”主竞赛,妈妈！,Song of Spring,中国,2022.0,109,1,70,2022-08-19 13:00:00,万达影城（CBD万达广场店）9号PRIME厅
“天坛奖”主竞赛,一个不愿观看《泰坦尼克号》的盲人,The Blind Man Who Did Not Want to See Titanic,芬兰,2021.0,82,3,70,2022-08-18 15:45:00,万达影城（CBD万达广场店）9号PRIME厅
“天坛奖”主竞赛,一个不愿观看《泰坦尼克号》的盲人,The Blind Man Who Did Not Want to See Titanic,芬兰,2021.0,82,3,70,2022-08-02 18:30:00,中国电影资料馆艺术影院1号厅
“天坛奖”主竞赛,一个不愿观看《泰坦尼克号》的盲人,The Blind Man Who Did Not Want to See Titanic,芬兰,2021.0,82,3,70,2022-08-21 14:00:00,中间影院剧场厅
“天坛奖”主竞赛,入学考试,The Exam,德国/伊拉克/卡塔尔,2021.0,89.0,3,70,2022-08-14 15:45:00,万达影城（CBD万达广场店）9号PRIME厅
“天坛奖”主竞赛,入学考试,The Exam,德国/伊拉克/卡塔尔,2021.0,89.0,3,70,2022-08-17 18:30:00,卢米埃影城（长楹天街IMAX店）三号厅
“天坛奖”主竞赛,入学考试,The Exam,德国/伊拉克/卡塔尔,2021.0,89.0,3,70,2022-08-19 18:30:00,中间影院剧场厅
“天坛奖”主竞赛,真正的家人,The Family,法国,2021.0,102.0,3,70,2022-08-18 18:30:00,万达影城（CBD万达广场店）9号PRIME厅
“天坛奖”主竞赛,真正的家人,The Family,法国,2021.0,102.0,3,70,2022-08-02 20:30:00,卢米埃影城（长楹天街IMAX店）三号厅
“天坛奖”主竞赛,真正的家人,The Family,法国,2021.0,102.0,3,70,2022-08-21 13:00:00,北京地质礼堂一号厅
“天坛奖”主竞赛,好老板,The Good Boss,西班牙,2021.0,120,3,70,2022-08-13 19:00:00,万达影城（CBD万达广场店）9号PRIME厅
“天坛奖”主竞赛,好老板,The Good Boss,西班牙,2021.0,120,3,70,2022-08-16 15:30:00,北京地质礼堂一号厅
“天坛奖”主竞赛,好老板,The Good Boss,西班牙,2021.0,120,3,70,2022-08-21 20:30:00,UME影城（华星IMAX店）2号IMAX厅
“天坛奖”主竞赛,印度刺客,Sardar Udham,印度,2020.0,163,3,70,2022-08-14 15:00:00,卢米埃影城（长楹天街IMAX店）三号厅
“天坛奖”主竞赛,印度刺客,Sardar Udham,印度,2020.0,163,3,70,2022-08-16 18:30:00,万达影城（CBD万达广场店）9号PRIME厅
“天坛奖”主竞赛,印度刺客,Sardar Udham,印度,2020.0,163,3,70,2022-08-18 15:00:00,北京地质礼堂一号厅
“天坛奖”主竞赛,摆动,Unrest,瑞士,2022.0,93,3,70,2022-08-13 13:00:00,北京地质礼堂一号厅
“天坛奖”主竞赛,摆动,Unrest,瑞士,2022.0,93,3,70,2022-08-16 13:00:00,万达影城（CBD万达广场店）9号PRIME厅
“天坛奖”主竞赛,摆动,Unrest,瑞士,2022.0,93,3,70,2022-08-21 15:45:00,中国电影资料馆艺术影院1号厅
“天坛奖”主竞赛,我们的家园,Utama,玻利维亚/乌拉圭/法国,2022.0,87,3,70,2022-08-13 13:00:00,卢米埃影城（长楹天街IMAX店）三号厅
“天坛奖”主竞赛,我们的家园,Utama,玻利维亚/乌拉圭/法国,2022.0,87,3,70,2022-08-15 15:00:00,北京地质礼堂一号厅
“天坛奖”主竞赛,我们的家园,Utama,玻利维亚/乌拉圭/法国,2022.0,87,3,70,2022-08-17 18:30:00,万达影城（CBD万达广场店）9号PRIME厅
“天坛奖”主竞赛,“天坛奖”最佳影片奖,,,,,1,70,2022-08-21 18:30:00,北京地质礼堂一号厅
“天坛奖”主竞赛,“天坛奖”最佳导演奖,,,,,1,70,2022-08-21 20:30:00,万达影城（CBD万达广场店）9号PRIME厅
注目未来,纽约真人类,Actual People,美国,2021.0,84,2,60,2022-08-15 13:00:00,UME影城（华星IMAX店）2号IMAX厅
注目未来,纽约真人类,Actual People,美国,2021.0,84,2,60,2022-08-21 19:30:00,中国电影资料馆艺术影院2号厅
注目未来,阿祖罗,Azuro,法国,2021.0,104,2,60,2022-08-19 15:30:00,中国电影资料馆艺术影院2号厅
注目未来,阿祖罗,Azuro,法国,2021.0,104,2,60,2022-08-18 13:00:00,UME影城（华星IMAX店）2号IMAX厅
注目未来,天竺葵,Geranium,土耳其,2021.0,82,1,60,2022-08-02 21:10:00,UME影城（华星IMAX店）2号IMAX厅
注目未来,女孩不哭,Girls Don't Cry,意大利,2021.0,104,2,60,2022-08-13 19:30:00,中国电影资料馆艺术影院2号厅
注目未来,女孩不哭,Girls Don't Cry,意大利,2021.0,104,2,60,2022-08-18 15:30:00,UME影城（华星IMAX店）2号IMAX厅
注目未来,我们是大人,Grown Ups,日本,2021.0,108,2,60,2022-08-16 13:00:00,UME影城（华星IMAX店）2号IMAX厅
注目未来,我们是大人,Grown Ups,日本,2021.0,108,2,60,2022-08-02 16:00:00,中国电影资料馆艺术影院2号厅
注目未来,故乡异客,He Used To Be a Child,中国,2021.0,94,2,60,2022-08-14 13:00:00,UME影城（华星IMAX店）2号IMAX厅
注目未来,故乡异客,He Used To Be a Child,中国,2021.0,94,2,60,2022-08-21 18:30:00,耀莱成龙影城（慈云寺店）5号厅
注目未来,宇宙探索编辑部,Journey to The West,中国,2021.0,112,2,60,2022-08-13 20:30:00,UME影城（华星IMAX店）2号IMAX厅
注目未来,宇宙探索编辑部,Journey to The West,中国,2021.0,112,2,60,2022-08-21 16:30:00,中国电影资料馆艺术影院2号厅
注目未来,灵魂观测器 4K,Machine For The Aura,阿根廷,2021.0,112,2,60,2022-08-14 19:30:00,百老汇电影中心（万国城店）1号厅
注目未来,灵魂观测器 4K,Machine For The Aura,阿根廷,2021.0,112,2,60,2022-08-15 20:30:00,英嘉国际影城（金源NEW CINITY店）4号厅
注目未来,泳池边的奥利韦里奥,Oliver And The Pool,墨西哥,2021.0,101,2,60,2022-08-15 15:00:00,UME影城（华星IMAX店）2号IMAX厅
注目未来,泳池边的奥利韦里奥,Oliver And The Pool,墨西哥,2021.0,101,2,60,2022-08-02 18:15:00,中国电影资料馆艺术影院2号厅
注目未来,铜管乐团的故事,Orchestra,斯洛文尼亚,2021.0,111,2,60,2022-08-13 16:30:00,中国电影资料馆艺术影院2号厅
注目未来,铜管乐团的故事,Orchestra,斯洛文尼亚,2021.0,111,2,60,2022-08-17 15:00:00,UME影城（华星IMAX店）2号IMAX厅
注目未来,疑云之上,Somewhere Over the Chemtrails,捷克,2021.0,86,1,60,2022-08-19 18:30:00,UME影城（华星IMAX店）2号IMAX厅
注目未来,铁锈,The Rust,哥伦比亚,2021.0,83,2,60,2022-08-17 13:00:00,UME影城（华星IMAX店）2号IMAX厅
注目未来,铁锈,The Rust,哥伦比亚,2021.0,83,2,60,2022-08-02 13:30:00,中国电影资料馆艺术影院2号厅
注目未来,未来的模样,The Shape of Things to Come,秘鲁,2021.0,87,2,60,2022-08-14 16:20:00,中国电影资料馆艺术影院2号厅
注目未来,未来的模样,The Shape of Things to Come,秘鲁,2021.0,87,2,60,2022-08-21 18:30:00,UME影城（华星IMAX店）2号IMAX厅
注目未来,三次为定,Third Time Lucky,日本,2021.0,112,2,60,2022-08-16 15:30:00,UME影城（华星IMAX店）2号IMAX厅
注目未来,三次为定,Third Time Lucky,日本,2021.0,112,2,60,2022-08-19 19:00:00,中国电影资料馆艺术影院2号厅
特别放映-“北京展映”开幕片,您好，北京,Farewell Beijing,中国,2021.0,110,1,60,2022-08-12 18:30:00,寰映影城（合生汇店）7号厅
特别放映-光影浪潮 香港电影新动力,一秒拳王,One Second Champion,中国香港,2020.0,98.0,2,60,2022-08-14 13:00:00,寰映影城（合生汇店）7号厅
特别放映-光影浪潮 香港电影新动力,一秒拳王,One Second Champion,中国香港,2020.0,98.0,2,60,2022-08-02 18:30:00,保利国际影城（凯德MALL·大峡谷店）全景声激光巨幕厅
特别放映-光影浪潮 香港电影新动力,我的非凡父母,Sunshine of My life,内地/香港,2022.0,95.0,2,60,2022-08-13 15:30:00,耀莱成龙影城（慈云寺店）杜比影院
特别放映-光影浪潮 香港电影新动力,我的非凡父母,Sunshine of My life,内地/香港,2022.0,95.0,2,60,2022-08-21 15:30:00,保利国际影城（凯德MALL·大峡谷店）全景声激光巨幕厅
特别放映-光影浪潮 香港电影新动力,杀出个黄昏,Time,中国香港,2021.0,98.0,2,60,2022-08-14 18:30:00,保利国际影城（凯德MALL·大峡谷店）全景声激光巨幕厅
特别放映-光影浪潮 香港电影新动力,杀出个黄昏,Time,中国香港,2021.0,98.0,2,60,2022-08-21 15:30:00,UME影城（华星IMAX店）2号IMAX厅
特别放映-光影浪潮 香港电影新动力,麦路人,I'm Livin' It,内地/香港,2019.0,114.0,1,60,2022-08-14 14:30:00,中间影院A厅
特别放映-光影浪潮 香港电影新动力,黄飞鸿 4K,Once Upon a Time in China,中国香港,1991.0,134.0,5,70,2022-08-13 15:00:00,北京剧院大剧场激光4K厅
特别放映-光影浪潮 香港电影新动力,黄飞鸿 4K,Once Upon a Time in China,中国香港,1991.0,134.0,5,70,2022-08-14 15:00:00,保利国际影城（凯德MALL·大峡谷店）全景声激光巨幕厅
特别放映-光影浪潮 香港电影新动力,黄飞鸿 4K,Once Upon a Time in China,中国香港,1991.0,134.0,5,70,2022-08-17 18:00:00,深影国际影城（学院南路店）1号厅
特别放映-光影浪潮 香港电影新动力,黄飞鸿 4K,Once Upon a Time in China,中国香港,1991.0,134.0,5,70,2022-08-02 15:30:00,百老汇电影中心（万国城店）1号厅
特别放映-光影浪潮 香港电影新动力,黄飞鸿 4K,Once Upon a Time in China,中国香港,1991.0,134.0,5,70,2022-08-21 15:30:00,寰映影城（合生汇店）7号厅
特别放映-光影浪潮 香港电影新动力,少林寺 4K,The Shaolin Temple,内地/香港,1982.0,100,5,70,2022-08-13 15:00:00,保利国际影城（凯德MALL·大峡谷店）全景声激光巨幕厅
特别放映-光影浪潮 香港电影新动力,少林寺 4K,The Shaolin Temple,内地/香港,1982.0,100,5,70,2022-08-14 21:00:00,北京剧院大剧场激光4K厅
特别放映-光影浪潮 香港电影新动力,少林寺 4K,The Shaolin Temple,内地/香港,1982.0,100,5,70,2022-08-16 18:20:00,深影国际影城（学院南路店）1号厅
特别放映-光影浪潮 香港电影新动力,少林寺 4K,The Shaolin Temple,内地/香港,1982.0,100,5,70,2022-08-02 18:20:00,百老汇电影中心（万国城店）1号厅
特别放映-光影浪潮 香港电影新动力,少林寺 4K,The Shaolin Temple,内地/香港,1982.0,100,5,70,2022-08-21 18:30:00,寰映影城（合生汇店）7号厅
特别放映-光影浪潮 香港电影新动力,半边人,Ah Ying,中国香港,1983.0,115,5,60,2022-08-17 19:30:00,中间影院剧场厅
特别放映-光影浪潮 香港电影新动力,半边人,Ah Ying,中国香港,1983.0,115,5,60,2022-08-18 18:30:00,寰映影城（合生汇店）7号厅
特别放映-光影浪潮 香港电影新动力,半边人,Ah Ying,中国香港,1983.0,115,5,60,2022-08-19 21:00:00,天幕新彩云国际影城（巨幕店）巨幕厅
特别放映-光影浪潮 香港电影新动力,半边人,Ah Ying,中国香港,1983.0,115,5,60,2022-08-02 18:40:00,UME影城（华星IMAX店）2号IMAX厅
特别放映-光影浪潮 香港电影新动力,半边人,Ah Ying,中国香港,1983.0,115,5,60,2022-08-21 18:00:00,百老汇电影中心（万国城店）1号厅
特别放映,杨善洲,Yang Shanzhou,中国,2011.0,101,1,40,2022-08-13 18:30:00,万达影城（怀柔万达广场店）1号厅
特别放映,花儿为什么这样红,Why Are the Flowers So Red,中国,2021.0,96,1,40,2022-08-13 17:00:00,寰映影城（合生汇店）7号厅
修复经典,月升中天 4K,The Moon Has Risen,日本,1955.0,103,5,80,2022-08-13 15:30:00,中国电影资料馆艺术影院1号厅
修复经典,月升中天 4K,The Moon Has Risen,日本,1955.0,103,5,80,2022-08-16 21:10:00,北京剧院大剧场激光4K厅
修复经典,月升中天 4K,The Moon Has Risen,日本,1955.0,103,5,80,2022-08-19 20:50:00,万达影城（CBD万达广场店）9号PRIME厅
修复经典,月升中天 4K,The Moon Has Risen,日本,1955.0,103,5,80,2022-08-02 13:00:00,红剧场1厅
修复经典,月升中天 4K,The Moon Has Risen,日本,1955.0,103,5,80,2022-08-02 20:30:00,百老汇电影中心（万国城店）1号厅
修复经典,大闹天宫（上下集）4K,Uproar in Heaven,中国,1961-1964,113,5,70,2022-08-13 18:30:00,保利国际影城（凯德MALL·大峡谷店）全景声激光巨幕厅
修复经典,大闹天宫（上下集）4K,Uproar in Heaven,中国,1961-1964,113,5,70,2022-08-14 15:30:00,寰映影城（合生汇店）7号厅
修复经典,大闹天宫（上下集）4K,Uproar in Heaven,中国,1961-1964,113,5,70,2022-08-19 18:30:00,保利国际影城（凯德MALL·大峡谷店）全景声激光巨幕厅
修复经典,大闹天宫（上下集）4K,Uproar in Heaven,中国,1961-1964,113,5,70,2022-08-02 13:00:00,寰映影城（合生汇店）7号厅
修复经典,大闹天宫（上下集）4K,Uproar in Heaven,中国,1961-1964,113,5,70,2022-08-21 15:30:00,红剧场1厅
修复经典,四百击 4K,The 400 Blows,法国,1959,100,5,80,2022-08-17 13:00:00,北京剧院大剧场激光4K厅
修复经典,四百击 4K,The 400 Blows,法国,1959,100,5,80,2022-08-19 13:00:00,红剧场1厅
修复经典,四百击 4K,The 400 Blows,法国,1959,100,5,80,2022-08-02 13:00:00,深影国际影城（学院南路店）1号厅
修复经典,四百击 4K,The 400 Blows,法国,1959,100,5,80,2022-08-21 13:00:00,英嘉国际影城（金源NEW CINITY店）4号厅
修复经典,四百击 4K,The 400 Blows,法国,1959,100,5,80,2022-08-22 13:00:00,中国电影资料馆艺术影院1号厅
修复经典,安托万与柯莱特 4K + 偷吻 4K,Antoine and Colette + Stolen Kisses,法国,1962/1968,30+91,5,80,2022-08-17 15:30:00,北京剧院大剧场激光4K厅
修复经典,安托万与柯莱特 4K + 偷吻 4K,Antoine and Colette + Stolen Kisses,法国,1962/1968,30+91,5,80,2022-08-19 15:30:00,红剧场1厅
修复经典,安托万与柯莱特 4K + 偷吻 4K,Antoine and Colette + Stolen Kisses,法国,1962/1968,30+91,5,80,2022-08-02 15:30:00,深影国际影城（学院南路店）1号厅
修复经典,安托万与柯莱特 4K + 偷吻 4K,Antoine and Colette + Stolen Kisses,法国,1962/1968,30+91,5,80,2022-08-21 15:30:00,英嘉国际影城（金源NEW CINITY店）4号厅
修复经典,安托万与柯莱特 4K + 偷吻 4K,Antoine and Colette + Stolen Kisses,法国,1962/1968,30+91,5,80,2022-08-22 15:30:00,中国电影资料馆艺术影院1号厅
修复经典,婚姻生活 4K,Bed and Board,法国/意大利,1970,98,5,80,2022-08-17 18:30:00,北京剧院大剧场激光4K厅
修复经典,婚姻生活 4K,Bed and Board,法国/意大利,1970,98,5,80,2022-08-19 18:30:00,红剧场1厅
修复经典,婚姻生活 4K,Bed and Board,法国/意大利,1970,98,5,80,2022-08-02 18:30:00,深影国际影城（学院南路店）1号厅
修复经典,婚姻生活 4K,Bed and Board,法国/意大利,1970,98,5,80,2022-08-21 18:30:00,英嘉国际影城（金源NEW CINITY店）4号厅
修复经典,婚姻生活 4K,Bed and Board,法国/意大利,1970,98,5,80,2022-08-22 18:30:00,中国电影资料馆艺术影院1号厅
修复经典,爱情狂奔 4K,Love on the Run,法国,1979,95,5,80,2022-08-17 20:40:00,北京剧院大剧场激光4K厅
修复经典,爱情狂奔 4K,Love on the Run,法国,1979,95,5,80,2022-08-19 20:40:00,红剧场1厅
修复经典,爱情狂奔 4K,Love on the Run,法国,1979,95,5,80,2022-08-02 20:40:00,深影国际影城（学院南路店）1号厅
修复经典,爱情狂奔 4K,Love on the Run,法国,1979,95,5,80,2022-08-21 20:40:00,英嘉国际影城（金源NEW CINITY店）4号厅
修复经典,爱情狂奔 4K,Love on the Run,法国,1979,95,5,80,2022-08-22 20:55:00,中国电影资料馆艺术影院1号厅
修复经典,一个男人和一个女人,A Man and a Woman,法国,1966,103,5,70,2022-08-13 13:00:00,中国电影资料馆艺术影院1号厅
修复经典,一个男人和一个女人,A Man and a Woman,法国,1966,103,5,70,2022-08-14 15:30:00,北京地质礼堂一号厅
修复经典,一个男人和一个女人,A Man and a Woman,法国,1966,103,5,70,2022-08-16 15:00:00,天幕新彩云国际影城（巨幕店）巨幕厅
修复经典,一个男人和一个女人,A Man and a Woman,法国,1966,103,5,70,2022-08-19 20:30:00,UME影城（华星IMAX店）2号IMAX厅
修复经典,一个男人和一个女人,A Man and a Woman,法国,1966,103,5,70,2022-08-21 18:30:00,卢米埃影城（长楹天街IMAX店）三号厅
修复经典,黑女孩 4K,Black Girl,塞内加尔/法国,1966.0,59,5,60,2022-08-13 13:00:00,英嘉国际影城（金源NEW CINITY店）4号厅
修复经典,黑女孩 4K,Black Girl,塞内加尔/法国,1966.0,59,5,60,2022-08-14 18:40:00,中国电影资料馆艺术影院1号厅
修复经典,黑女孩 4K,Black Girl,塞内加尔/法国,1966.0,59,5,60,2022-08-15 18:00:00,万达影城（CBD万达广场店）9号PRIME厅
修复经典,黑女孩 4K,Black Girl,塞内加尔/法国,1966.0,59,5,60,2022-08-02 13:00:00,万达影城（CBD万达广场店）9号PRIME厅
修复经典,黑女孩 4K,Black Girl,塞内加尔/法国,1966.0,59,5,60,2022-08-21 13:00:00,百老汇电影中心（万国城店）1号厅
修复经典,中产阶级的审慎魅力 4K,The Discreet Charm of the Bourgeoisie,法国,1972.0,102,5,80,2022-08-14 15:30:00,北京剧院大剧场激光4K厅
修复经典,中产阶级的审慎魅力 4K,The Discreet Charm of the Bourgeoisie,法国,1972.0,102,5,80,2022-08-18 15:00:00,红剧场1厅
修复经典,中产阶级的审慎魅力 4K,The Discreet Charm of the Bourgeoisie,法国,1972.0,102,5,80,2022-08-19 18:30:00,万达影城（CBD万达广场店）9号PRIME厅
修复经典,中产阶级的审慎魅力 4K,The Discreet Charm of the Bourgeoisie,法国,1972.0,102,5,80,2022-08-02 13:00:00,中国电影资料馆艺术影院1号厅
修复经典,中产阶级的审慎魅力 4K,The Discreet Charm of the Bourgeoisie,法国,1972.0,102,5,80,2022-08-21 15:00:00,百老汇电影中心（万国城店）1号厅
修复经典,恐惧吞噬灵魂,Ali: Fear Eats the Soul,德国,1974.0,89,5,80,2022-08-13 21:00:00,北京地质礼堂一号厅
修复经典,恐惧吞噬灵魂,Ali: Fear Eats the Soul,德国,1974.0,89,5,80,2022-08-14 21:00:00,天幕新彩云国际影城（巨幕店）巨幕厅
修复经典,恐惧吞噬灵魂,Ali: Fear Eats the Soul,德国,1974.0,89,5,80,2022-08-17 21:25:00,中国电影资料馆艺术影院1号厅
修复经典,恐惧吞噬灵魂,Ali: Fear Eats the Soul,德国,1974.0,89,5,80,2022-08-19 20:30:00,中间影院剧场厅
修复经典,恐惧吞噬灵魂,Ali: Fear Eats the Soul,德国,1974.0,89,5,80,2022-08-21 15:30:00,天幕新彩云国际影城（巨幕店）巨幕厅
修复经典,最后华尔兹 4K,The Last Waltz‎,美国,1978.0,117,5,80,2022-08-13 13:00:00,深影国际影城（学院南路店）1号厅
修复经典,最后华尔兹 4K,The Last Waltz‎,美国,1978.0,117,5,80,2022-08-14 18:30:00,北京剧院大剧场激光4K厅
修复经典,最后华尔兹 4K,The Last Waltz‎,美国,1978.0,117,5,80,2022-08-15 15:30:00,红剧场1厅
修复经典,最后华尔兹 4K,The Last Waltz‎,美国,1978.0,117,5,80,2022-08-02 20:30:00,英嘉国际影城（金源NEW CINITY店）4号厅
修复经典,最后华尔兹 4K,The Last Waltz‎,美国,1978.0,117,5,80,2022-08-21 18:00:00,万达影城（CBD万达广场店）9号PRIME厅
修复经典,茶馆,The Teahouse,中国,1982.0,123,3,60,2022-08-13 18:30:00,北京地质礼堂一号厅
修复经典,茶馆,The Teahouse,中国,1982.0,123,3,60,2022-08-14 12:30:00,深影国际影城（学院南路店）1号厅
修复经典,茶馆,The Teahouse,中国,1982.0,123,3,60,2022-08-21 18:15:00,中国电影资料馆艺术影院1号厅
修复经典,乡愁 4K,Nostalghia,苏联/意大利,1983.0,126,3,100,2022-08-14 20:25:00,中国电影资料馆艺术影院1号厅
修复经典,乡愁 4K,Nostalghia,苏联/意大利,1983.0,126,3,100,2022-08-16 21:15:00,中国电影资料馆艺术影院1号厅
修复经典,乡愁 4K,Nostalghia,苏联/意大利,1983.0,126,3,100,2022-08-18 20:45:00,中国电影资料馆艺术影院1号厅
修复经典,诅咒 4K,Damnation,匈牙利,1988.0,120.0,5,80,2022-08-13 15:30:00,深影国际影城（学院南路店）1号厅
修复经典,诅咒 4K,Damnation,匈牙利,1988.0,120.0,5,80,2022-08-13 20:30:00,北京剧院大剧场激光4K厅
修复经典,诅咒 4K,Damnation,匈牙利,1988.0,120.0,5,80,2022-08-02 15:30:00,红剧场1厅
修复经典,诅咒 4K,Damnation,匈牙利,1988.0,120.0,5,80,2022-08-21 13:00:00,中国电影资料馆艺术影院1号厅
修复经典,诅咒 4K,Damnation,匈牙利,1988.0,120.0,5,80,2022-08-21 18:30:00,深影国际影城（学院南路店）1号厅
修复经典,少年吔，安啦！4K,Dust of Angels,中国台湾,1992,110,3,80,2022-08-16 20:30:00,深影国际影城（学院南路店）1号厅
修复经典,少年吔，安啦！4K,Dust of Angels,中国台湾,1992,110,3,80,2022-08-18 18:00:00,中国电影资料馆艺术影院1号厅
修复经典,少年吔，安啦！4K,Dust of Angels,中国台湾,1992,110,3,80,2022-08-21 13:00:00,红剧场1厅
修复经典,绿洲 4K,Oasis,韩国,2002.0,133,5,100,2022-08-15 20:45:00,中国电影资料馆艺术影院1号厅
修复经典,绿洲 4K,Oasis,韩国,2002.0,133,5,100,2022-08-16 15:00:00,红剧场1厅
修复经典,绿洲 4K,Oasis,韩国,2002.0,133,5,100,2022-08-18 20:30:00,北京剧院大剧场激光4K厅
修复经典,绿洲 4K,Oasis,韩国,2002.0,133,5,100,2022-08-19 20:10:00,英嘉国际影城（金源NEW CINITY店）4号厅
修复经典,绿洲 4K,Oasis,韩国,2002.0,133,5,100,2022-08-22 10:00:00,中国电影资料馆艺术影院1号厅
西奥·安哲罗普洛斯作品回顾 ,放送 + 雅典，重返雅典古卫城,"The Broadcast + Athens, Return to the Acropolis",希腊,1968/1983,22+45,5,60,2022-08-14 13:45:00,中国电影资料馆艺术影院1号厅
西奥·安哲罗普洛斯作品回顾 ,放送 + 雅典，重返雅典古卫城,"The Broadcast + Athens, Return to the Acropolis",希腊,1968/1983,22+45,5,60,2022-08-15 18:30:00,北京地质礼堂一号厅
西奥·安哲罗普洛斯作品回顾 ,放送 + 雅典，重返雅典古卫城,"The Broadcast + Athens, Return to the Acropolis",希腊,1968/1983,22+45,5,60,2022-08-16 13:00:00,百老汇电影中心（万国城店）1号厅
西奥·安哲罗普洛斯作品回顾 ,放送 + 雅典，重返雅典古卫城,"The Broadcast + Athens, Return to the Acropolis",希腊,1968/1983,22+45,5,60,2022-08-18 18:30:00,红剧场1厅
西奥·安哲罗普洛斯作品回顾 ,放送 + 雅典，重返雅典古卫城,"The Broadcast + Athens, Return to the Acropolis",希腊,1968/1983,22+45,5,60,2022-08-02 18:30:00,天幕新彩云国际影城（巨幕店）巨幕厅
西奥·安哲罗普洛斯作品回顾 ,重建,Reconstruction,希腊,1970,101,5,60,2022-08-13 10:00:00,中国电影资料馆艺术影院1号厅
西奥·安哲罗普洛斯作品回顾 ,重建,Reconstruction,希腊,1970,101,5,60,2022-08-14 13:00:00,百老汇电影中心（万国城店）1号厅
西奥·安哲罗普洛斯作品回顾 ,重建,Reconstruction,希腊,1970,101,5,60,2022-08-16 18:30:00,天幕新彩云国际影城（巨幕店）巨幕厅
西奥·安哲罗普洛斯作品回顾 ,重建,Reconstruction,希腊,1970,101,5,60,2022-08-18 20:30:00,红剧场1厅
西奥·安哲罗普洛斯作品回顾 ,重建,Reconstruction,希腊,1970,101,5,60,2022-08-19 18:30:00,北京地质礼堂一号厅
西奥·安哲罗普洛斯作品回顾 ,1936年的岁月,Days of 36,希腊,1972,109,5,60,2022-08-13 12:00:00,红剧场1厅
西奥·安哲罗普洛斯作品回顾 ,1936年的岁月,Days of 36,希腊,1972,109,5,60,2022-08-14 12:30:00,天幕新彩云国际影城（巨幕店）巨幕厅
西奥·安哲罗普洛斯作品回顾 ,1936年的岁月,Days of 36,希腊,1972,109,5,60,2022-08-15 10:00:00,中国电影资料馆艺术影院1号厅
西奥·安哲罗普洛斯作品回顾 ,1936年的岁月,Days of 36,希腊,1972,109,5,60,2022-08-17 13:00:00,百老汇电影中心（万国城店）1号厅
西奥·安哲罗普洛斯作品回顾 ,1936年的岁月,Days of 36,希腊,1972,109,5,60,2022-08-18 18:30:00,北京地质礼堂一号厅
西奥·安哲罗普洛斯作品回顾 ,流浪艺人,The Travelling Players,希腊,1975,231,5,160,2022-08-13 14:30:00,红剧场1厅
西奥·安哲罗普洛斯作品回顾 ,流浪艺人,The Travelling Players,希腊,1975,231,5,160,2022-08-14 13:30:00,中间影院剧场厅
西奥·安哲罗普洛斯作品回顾 ,流浪艺人,The Travelling Players,希腊,1975,231,5,160,2022-08-15 13:00:00,中国电影资料馆艺术影院1号厅
西奥·安哲罗普洛斯作品回顾 ,流浪艺人,The Travelling Players,希腊,1975,231,5,160,2022-08-17 19:00:00,天幕新彩云国际影城（巨幕店）巨幕厅
西奥·安哲罗普洛斯作品回顾 ,流浪艺人,The Travelling Players,希腊,1975,231,5,160,2022-08-19 13:00:00,百老汇电影中心（万国城店）1号厅
西奥·安哲罗普洛斯作品回顾 ,猎人,The Hunters,法国/希腊,1977,149,5,80,2022-08-13 19:00:00,红剧场1厅
西奥·安哲罗普洛斯作品回顾 ,猎人,The Hunters,法国/希腊,1977,149,5,80,2022-08-14 15:00:00,天幕新彩云国际影城（巨幕店）巨幕厅
西奥·安哲罗普洛斯作品回顾 ,猎人,The Hunters,法国/希腊,1977,149,5,80,2022-08-16 10:00:00,中国电影资料馆艺术影院1号厅
西奥·安哲罗普洛斯作品回顾 ,猎人,The Hunters,法国/希腊,1977,149,5,80,2022-08-18 15:30:00,百老汇电影中心（万国城店）1号厅
西奥·安哲罗普洛斯作品回顾 ,猎人,The Hunters,法国/希腊,1977,149,5,80,2022-08-02 18:00:00,中间影院剧场厅
西奥·安哲罗普洛斯作品回顾 ,亚历山大大帝,Megalexandros,希腊/意大利/德国,1980,208,5,100,2022-08-14 13:00:00,红剧场1厅
西奥·安哲罗普洛斯作品回顾 ,亚历山大大帝,Megalexandros,希腊/意大利/德国,1980,208,5,100,2022-08-15 13:00:00,百老汇电影中心（万国城店）1号厅
西奥·安哲罗普洛斯作品回顾 ,亚历山大大帝,Megalexandros,希腊/意大利/德国,1980,208,5,100,2022-08-16 13:30:00,中国电影资料馆艺术影院1号厅
西奥·安哲罗普洛斯作品回顾 ,亚历山大大帝,Megalexandros,希腊/意大利/德国,1980,208,5,100,2022-08-18 19:00:00,天幕新彩云国际影城（巨幕店）巨幕厅
西奥·安哲罗普洛斯作品回顾 ,亚历山大大帝,Megalexandros,希腊/意大利/德国,1980,208,5,100,2022-08-02 14:00:00,中间影院剧场厅
西奥·安哲罗普洛斯作品回顾 ,养蜂人,The Beekeeper,法国/希腊/意大利,1986,122,5,80,2022-08-13 18:30:00,天幕新彩云国际影城（巨幕店）巨幕厅
西奥·安哲罗普洛斯作品回顾 ,养蜂人,The Beekeeper,法国/希腊/意大利,1986,122,5,80,2022-08-14 17:00:00,红剧场1厅
西奥·安哲罗普洛斯作品回顾 ,养蜂人,The Beekeeper,法国/希腊/意大利,1986,122,5,80,2022-08-16 18:30:00,北京地质礼堂一号厅
西奥·安哲罗普洛斯作品回顾 ,养蜂人,The Beekeeper,法国/希腊/意大利,1986,122,5,80,2022-08-17 10:00:00,中国电影资料馆艺术影院1号厅
西奥·安哲罗普洛斯作品回顾 ,养蜂人,The Beekeeper,法国/希腊/意大利,1986,122,5,80,2022-08-18 13:00:00,百老汇电影中心（万国城店）1号厅
西奥·安哲罗普洛斯作品回顾 ,雾中风景,Landscape in the Mist,希腊/法国/意大利,1988,124,5,80,2022-08-13 20:45:00,中国电影资料馆艺术影院1号厅
西奥·安哲罗普洛斯作品回顾 ,雾中风景,Landscape in the Mist,希腊/法国/意大利,1988,124,5,80,2022-08-14 19:40:00,红剧场1厅
西奥·安哲罗普洛斯作品回顾 ,雾中风景,Landscape in the Mist,希腊/法国/意大利,1988,124,5,80,2022-08-16 20:40:00,天幕新彩云国际影城（巨幕店）巨幕厅
西奥·安哲罗普洛斯作品回顾 ,雾中风景,Landscape in the Mist,希腊/法国/意大利,1988,124,5,80,2022-08-17 18:30:00,北京地质礼堂一号厅
西奥·安哲罗普洛斯作品回顾 ,雾中风景,Landscape in the Mist,希腊/法国/意大利,1988,124,5,80,2022-08-02 13:00:00,百老汇电影中心（万国城店）1号厅
西奥·安哲罗普洛斯作品回顾 ,鹳鸟踟蹰,The Suspended Step of the Stork,法国/意大利/希腊/瑞士,1991,142,5,80,2022-08-13 15:30:00,百老汇电影中心（万国城店）1号厅
西奥·安哲罗普洛斯作品回顾 ,鹳鸟踟蹰,The Suspended Step of the Stork,法国/意大利/希腊/瑞士,1991,142,5,80,2022-08-14 18:00:00,中间影院剧场厅
西奥·安哲罗普洛斯作品回顾 ,鹳鸟踟蹰,The Suspended Step of the Stork,法国/意大利/希腊/瑞士,1991,142,5,80,2022-08-15 19:00:00,红剧场1厅
西奥·安哲罗普洛斯作品回顾 ,鹳鸟踟蹰,The Suspended Step of the Stork,法国/意大利/希腊/瑞士,1991,142,5,80,2022-08-18 10:00:00,中国电影资料馆艺术影院1号厅
西奥·安哲罗普洛斯作品回顾 ,鹳鸟踟蹰,The Suspended Step of the Stork,法国/意大利/希腊/瑞士,1991,142,5,80,2022-08-02 20:15:00,天幕新彩云国际影城（巨幕店）巨幕厅
西奥·安哲罗普洛斯作品回顾 ,尤里西斯的凝视,Ulysses' Gaze,希腊/法国/意大利/德国/英国/南斯拉夫/罗马尼亚/阿尔巴尼亚/波黑,1995,177,5,100,2022-08-13 14:00:00,中间影院剧场厅
西奥·安哲罗普洛斯作品回顾 ,尤里西斯的凝视,Ulysses' Gaze,希腊/法国/意大利/德国/英国/南斯拉夫/罗马尼亚/阿尔巴尼亚/波黑,1995,177,5,100,2022-08-14 10:00:00,中国电影资料馆艺术影院1号厅
西奥·安哲罗普洛斯作品回顾 ,尤里西斯的凝视,Ulysses' Gaze,希腊/法国/意大利/德国/英国/南斯拉夫/罗马尼亚/阿尔巴尼亚/波黑,1995,177,5,100,2022-08-16 19:00:00,红剧场1厅
西奥·安哲罗普洛斯作品回顾 ,尤里西斯的凝视,Ulysses' Gaze,希腊/法国/意大利/德国/英国/南斯拉夫/罗马尼亚/阿尔巴尼亚/波黑,1995,177,5,100,2022-08-17 15:20:00,百老汇电影中心（万国城店）1号厅
西奥·安哲罗普洛斯作品回顾 ,尤里西斯的凝视,Ulysses' Gaze,希腊/法国/意大利/德国/英国/南斯拉夫/罗马尼亚/阿尔巴尼亚/波黑,1995,177,5,100,2022-08-02 15:00:00,天幕新彩云国际影城（巨幕店）巨幕厅
西奥·安哲罗普洛斯作品回顾 ,永恒和一日,Eternity and a Day,法国/意大利/希腊/德国,1998,133,5,80,2022-08-12 18:30:00,中国电影资料馆艺术影院1号厅
西奥·安哲罗普洛斯作品回顾 ,永恒和一日,Eternity and a Day,法国/意大利/希腊/德国,1998,133,5,80,2022-08-14 15:30:00,百老汇电影中心（万国城店）1号厅
西奥·安哲罗普洛斯作品回顾 ,永恒和一日,Eternity and a Day,法国/意大利/希腊/德国,1998,133,5,80,2022-08-17 19:00:00,红剧场1厅
西奥·安哲罗普洛斯作品回顾 ,永恒和一日,Eternity and a Day,法国/意大利/希腊/德国,1998,133,5,80,2022-08-02 12:00:00,天幕新彩云国际影城（巨幕店）巨幕厅
西奥·安哲罗普洛斯作品回顾 ,永恒和一日,Eternity and a Day,法国/意大利/希腊/德国,1998,133,5,80,2022-08-21 18:00:00,中间影院剧场厅
西奥·安哲罗普洛斯作品回顾 ,哭泣的草原,Trilogy：The Weeping Meadow,希腊/法国/意大利/德国,2004,169,5,100,2022-08-13 17:30:00,中间影院剧场厅
西奥·安哲罗普洛斯作品回顾 ,哭泣的草原,Trilogy：The Weeping Meadow,希腊/法国/意大利/德国,2004,169,5,100,2022-08-15 19:30:00,天幕新彩云国际影城（巨幕店）巨幕厅
西奥·安哲罗普洛斯作品回顾 ,哭泣的草原,Trilogy：The Weeping Meadow,希腊/法国/意大利/德国,2004,169,5,100,2022-08-16 15:00:00,百老汇电影中心（万国城店）1号厅
西奥·安哲罗普洛斯作品回顾 ,哭泣的草原,Trilogy：The Weeping Meadow,希腊/法国/意大利/德国,2004,169,5,100,2022-08-19 14:00:00,中国电影资料馆艺术影院1号厅
西奥·安哲罗普洛斯作品回顾 ,哭泣的草原,Trilogy：The Weeping Meadow,希腊/法国/意大利/德国,2004,169,5,100,2022-08-02 19:00:00,红剧场1厅
西奥·安哲罗普洛斯作品回顾 ,时光之尘 4K,The Dust of Time,希腊/意大利/德国/法国,2008,127,5,80,2022-08-13 13:00:00,百老汇电影中心（万国城店）1号厅
西奥·安哲罗普洛斯作品回顾 ,时光之尘 4K,The Dust of Time,希腊/意大利/德国/法国,2008,127,5,80,2022-08-16 18:30:00,北京剧院大剧场激光4K厅
西奥·安哲罗普洛斯作品回顾 ,时光之尘 4K,The Dust of Time,希腊/意大利/德国/法国,2008,127,5,80,2022-08-18 13:15:00,中国电影资料馆艺术影院1号厅
西奥·安哲罗普洛斯作品回顾 ,时光之尘 4K,The Dust of Time,希腊/意大利/德国/法国,2008,127,5,80,2022-08-02 10:00:00,中国电影资料馆艺术影院1号厅
西奥·安哲罗普洛斯作品回顾 ,时光之尘 4K,The Dust of Time,希腊/意大利/德国/法国,2008,127,5,80,2022-08-21 20:30:00,红剧场1厅
镜  界,不要再见啊，鱼花塘,Virgin Blue,中国,2021,101,1,60,2022-08-19 18:30:00,中国电影资料馆艺术影院1号厅
镜  界,寸步不离的兄弟,Brother in Every Inch,俄罗斯,2022,80,5,70,2022-08-13 15:00:00,UME影城（华星IMAX店）2号IMAX厅
镜  界,寸步不离的兄弟,Brother in Every Inch,俄罗斯,2022,80,5,70,2022-08-15 15:00:00,天幕新彩云国际影城（巨幕店）巨幕厅
镜  界,寸步不离的兄弟,Brother in Every Inch,俄罗斯,2022,80,5,70,2022-08-17 18:30:00,英嘉国际影城（金源NEW CINITY店）4号厅
镜  界,寸步不离的兄弟,Brother in Every Inch,俄罗斯,2022,80,5,70,2022-08-02 13:00:00,北京地质礼堂一号厅
镜  界,寸步不离的兄弟,Brother in Every Inch,俄罗斯,2022,80,5,70,2022-08-21 13:00:00,卢米埃影城（长楹天街IMAX店）三号厅
镜  界,伟大的仪式,The Great Movement,玻利维亚/卡塔尔/法国/瑞士/英国,2021.0,84,5,70,2022-08-13 18:30:00,深影国际影城（学院南路店）1号厅
镜  界,伟大的仪式,The Great Movement,玻利维亚/卡塔尔/法国/瑞士/英国,2021.0,84,5,70,2022-08-14 21:00:00,卢米埃影城（长楹天街IMAX店）三号厅
镜  界,伟大的仪式,The Great Movement,玻利维亚/卡塔尔/法国/瑞士/英国,2021.0,84,5,70,2022-08-15 18:30:00,英嘉国际影城（金源NEW CINITY店）4号厅
镜  界,伟大的仪式,The Great Movement,玻利维亚/卡塔尔/法国/瑞士/英国,2021.0,84,5,70,2022-08-18 20:50:00,北京地质礼堂一号厅
镜  界,伟大的仪式,The Great Movement,玻利维亚/卡塔尔/法国/瑞士/英国,2021.0,84,5,70,2022-08-19 20:40:00,北京剧院大剧场激光4K厅
镜  界,岛屿上的煎熬 4K,Pacifiction,法国/西班牙/德国/葡萄牙,2022.0,164,5,80,2022-08-13 14:30:00,英嘉国际影城（金源NEW CINITY店）4号厅
镜  界,岛屿上的煎熬 4K,Pacifiction,法国/西班牙/德国/葡萄牙,2022.0,164,5,80,2022-08-14 15:00:00,深影国际影城（学院南路店）1号厅
镜  界,岛屿上的煎熬 4K,Pacifiction,法国/西班牙/德国/葡萄牙,2022.0,164,5,80,2022-08-17 15:30:00,中国电影资料馆艺术影院1号厅
镜  界,岛屿上的煎熬 4K,Pacifiction,法国/西班牙/德国/葡萄牙,2022.0,164,5,80,2022-08-18 15:00:00,深影国际影城（学院南路店）1号厅
镜  界,岛屿上的煎熬 4K,Pacifiction,法国/西班牙/德国/葡萄牙,2022.0,164,5,80,2022-08-02 14:30:00,万达影城（CBD万达广场店）9号PRIME厅
镜  界,旋涡,Vortex,法国,2021.0,142,5,80,2022-08-14 12:30:00,英嘉国际影城（金源NEW CINITY店）4号厅
镜  界,旋涡,Vortex,法国,2021.0,142,5,80,2022-08-14 20:40:00,北京地质礼堂一号厅
镜  界,旋涡,Vortex,法国,2021.0,142,5,80,2022-08-19 15:00:00,英嘉国际影城（金源NEW CINITY店）4号厅
镜  界,旋涡,Vortex,法国,2021.0,142,5,80,2022-08-02 20:45:00,中国电影资料馆艺术影院1号厅
镜  界,旋涡,Vortex,法国,2021.0,142,5,80,2022-08-21 15:30:00,卢米埃影城（长楹天街IMAX店）三号厅
女性之声,晨光正好,One Fine Morning,法国,2022,112,5,80,2022-08-13 18:00:00,中国电影资料馆艺术影院1号厅
女性之声,晨光正好,One Fine Morning,法国,2022,112,5,80,2022-08-15 18:30:00,北京剧院大剧场激光4K厅
女性之声,晨光正好,One Fine Morning,法国,2022,112,5,80,2022-08-17 15:00:00,天幕新彩云国际影城（巨幕店）巨幕厅
女性之声,晨光正好,One Fine Morning,法国,2022,112,5,80,2022-08-02 18:00:00,英嘉国际影城（金源NEW CINITY店）4号厅
女性之声,晨光正好,One Fine Morning,法国,2022,112,5,80,2022-08-21 15:30:00,北京地质礼堂一号厅
女性之声,过去，如今和之后,"Before, Now & Then",印度尼西亚,2022,103,5,70,2022-08-16 18:30:00,英嘉国际影城（金源NEW CINITY店）4号厅
女性之声,过去，如今和之后,"Before, Now & Then",印度尼西亚,2022,103,5,70,2022-08-17 15:00:00,北京地质礼堂一号厅
女性之声,过去，如今和之后,"Before, Now & Then",印度尼西亚,2022,103,5,70,2022-08-18 20:30:00,英嘉国际影城（金源NEW CINITY店）4号厅
女性之声,过去，如今和之后,"Before, Now & Then",印度尼西亚,2022,103,5,70,2022-08-19 18:30:00,卢米埃影城（长楹天街IMAX店）三号厅
女性之声,过去，如今和之后,"Before, Now & Then",印度尼西亚,2022,103,5,70,2022-08-21 20:30:00,百老汇电影中心（万国城店）1号厅
女性之声,五恶魔,The Five Devils,法国,2022,95,5,70,2022-08-13 13:00:00,天幕新彩云国际影城（巨幕店）巨幕厅
女性之声,五恶魔,The Five Devils,法国,2022,95,5,70,2022-08-14 18:30:00,深影国际影城（学院南路店）1号厅
女性之声,五恶魔,The Five Devils,法国,2022,95,5,70,2022-08-19 16:00:00,万达影城（CBD万达广场店）9号PRIME厅
女性之声,五恶魔,The Five Devils,法国,2022,95,5,70,2022-08-19 18:30:00,深影国际影城（学院南路店）1号厅
女性之声,五恶魔,The Five Devils,法国,2022,95,5,70,2022-08-02 13:00:00,卢米埃影城（长楹天街IMAX店）三号厅
女性之声,致敬,Hommage,韩国,2022,108,5,70,2022-08-18 18:30:00,卢米埃影城（长楹天街IMAX店）三号厅
女性之声,致敬,Hommage,韩国,2022,108,5,70,2022-08-19 15:00:00,北京地质礼堂一号厅
女性之声,致敬,Hommage,韩国,2022,108,5,70,2022-08-02 15:30:00,英嘉国际影城（金源NEW CINITY店）4号厅
女性之声,致敬,Hommage,韩国,2022,108,5,70,2022-08-02 19:40:00,万达影城（CBD万达广场店）9号PRIME厅
女性之声,致敬,Hommage,韩国,2022,108,5,70,2022-08-21 13:00:00,天幕新彩云国际影城（巨幕店）巨幕厅
女性之声,追光万里,In Pursuit of Light,中国,2022,86,1,60,2022-08-18 18:30:00,百老汇电影中心（万国城店）1号厅
女性之声,竹蜻蜓,Bamboo Dragonfly,中国,2022,87,1,40,2022-08-18 18:30:00,中国电影资料馆艺术影院2号厅
缤纷动画,平家物语：犬王,INU-OH,日本,2021.0,97,5,80,2022-08-13 18:30:00,英嘉国际影城（金源NEW CINITY店）4号厅
缤纷动画,平家物语：犬王,INU-OH,日本,2021.0,97,5,80,2022-08-14 18:30:00,北京地质礼堂一号厅
缤纷动画,平家物语：犬王,INU-OH,日本,2021.0,97,5,80,2022-08-17 19:00:00,中国电影资料馆艺术影院1号厅
缤纷动画,平家物语：犬王,INU-OH,日本,2021.0,97,5,80,2022-08-19 18:30:00,北京剧院大剧场激光4K厅
缤纷动画,平家物语：犬王,INU-OH,日本,2021.0,97,5,80,2022-08-21 21:00:00,天幕新彩云国际影城（巨幕店）巨幕厅
缤纷动画,万千北方 4K,Dozens of Norths,日本/法国,2021.0,64,5,60,2022-08-14 18:30:00,寰映影城（合生汇店）7号厅
缤纷动画,万千北方 4K,Dozens of Norths,日本/法国,2021.0,64,5,60,2022-08-18 16:10:00,中国电影资料馆艺术影院1号厅
缤纷动画,万千北方 4K,Dozens of Norths,日本/法国,2021.0,64,5,60,2022-08-19 18:30:00,英嘉国际影城（金源NEW CINITY店）4号厅
缤纷动画,万千北方 4K,Dozens of Norths,日本/法国,2021.0,64,5,60,2022-08-02 18:00:00,万达影城（CBD万达广场店）9号PRIME厅
缤纷动画,万千北方 4K,Dozens of Norths,日本/法国,2021.0,64,5,60,2022-08-21 21:00:00,卢米埃影城（长楹天街IMAX店）三号厅
缤纷动画,森林奇旅,Perlimps,巴西,2022.0,81,5,70,2022-08-13 13:00:00,北京剧院大剧场激光4K厅
缤纷动画,森林奇旅,Perlimps,巴西,2022.0,81,5,70,2022-08-14 18:30:00,英嘉国际影城（金源NEW CINITY店）4号厅
缤纷动画,森林奇旅,Perlimps,巴西,2022.0,81,5,70,2022-08-15 18:30:00,深影国际影城（学院南路店）1号厅
缤纷动画,森林奇旅,Perlimps,巴西,2022.0,81,5,70,2022-08-02 18:30:00,寰映影城（合生汇店）7号厅
缤纷动画,森林奇旅,Perlimps,巴西,2022.0,81,5,70,2022-08-21 13:00:00,保利国际影城（凯德MALL·大峡谷店）全景声激光巨幕厅
缤纷动画,关于我家的一切,No Dogs or Italians Allowed,法国/比利时/意大利/瑞士/葡萄牙,2022.0,70,5,70,2022-08-13 21:00:00,百老汇电影中心（万国城店）1号厅
缤纷动画,关于我家的一切,No Dogs or Italians Allowed,法国/比利时/意大利/瑞士/葡萄牙,2022.0,70,5,70,2022-08-14 13:00:00,卢米埃影城（长楹天街IMAX店）三号厅
缤纷动画,关于我家的一切,No Dogs or Italians Allowed,法国/比利时/意大利/瑞士/葡萄牙,2022.0,70,5,70,2022-08-17 21:10:00,北京地质礼堂一号厅
缤纷动画,关于我家的一切,No Dogs or Italians Allowed,法国/比利时/意大利/瑞士/葡萄牙,2022.0,70,5,70,2022-08-18 18:30:00,深影国际影城（学院南路店）1号厅
缤纷动画,关于我家的一切,No Dogs or Italians Allowed,法国/比利时/意大利/瑞士/葡萄牙,2022.0,70,5,70,2022-08-21 16:00:00,中间影院剧场厅
环球视野,火山挚恋,Fire of Love,美国,2022.0,97,5,60,2022-08-12 21:30:00,中国电影资料馆艺术影院1号厅
环球视野,火山挚恋,Fire of Love,美国,2022.0,97,5,60,2022-08-14 20:45:00,深影国际影城（学院南路店）1号厅
环球视野,火山挚恋,Fire of Love,美国,2022.0,97,5,60,2022-08-15 16:30:00,寰映影城（合生汇店）7号厅
环球视野,火山挚恋,Fire of Love,美国,2022.0,97,5,60,2022-08-18 18:30:00,英嘉国际影城（金源NEW CINITY店）4号厅
环球视野,火山挚恋,Fire of Love,美国,2022.0,97,5,60,2022-08-02 17:50:00,北京地质礼堂一号厅
环球视野,阿尔卡拉斯,Alcarràs,西班牙/意大利,2022.0,120,5,80,2022-08-13 18:00:00,北京剧院大剧场激光4K厅
环球视野,阿尔卡拉斯,Alcarràs,西班牙/意大利,2022.0,120,5,80,2022-08-14 15:40:00,中国电影资料馆艺术影院1号厅
环球视野,阿尔卡拉斯,Alcarràs,西班牙/意大利,2022.0,120,5,80,2022-08-15 20:10:00,北京地质礼堂一号厅
环球视野,阿尔卡拉斯,Alcarràs,西班牙/意大利,2022.0,120,5,80,2022-08-18 15:00:00,英嘉国际影城（金源NEW CINITY店）4号厅
环球视野,阿尔卡拉斯,Alcarràs,西班牙/意大利,2022.0,120,5,80,2022-08-19 18:30:00,天幕新彩云国际影城（巨幕店）巨幕厅
环球视野,鱼之子,The Fish Tale,日本,2022,139,5,80,2022-08-13 17:30:00,UME影城（华星IMAX店）2号IMAX厅
环球视野,鱼之子,The Fish Tale,日本,2022,139,5,80,2022-08-14 15:30:00,英嘉国际影城（金源NEW CINITY店）4号厅
环球视野,鱼之子,The Fish Tale,日本,2022,139,5,80,2022-08-19 15:00:00,天幕新彩云国际影城（巨幕店）巨幕厅
环球视野,鱼之子,The Fish Tale,日本,2022,139,5,80,2022-08-02 15:00:00,北京地质礼堂一号厅
环球视野,鱼之子,The Fish Tale,日本,2022,139,5,80,2022-08-21 10:00:00,中国电影资料馆艺术影院1号厅
环球视野,峠 最后的武士,The Pass: Last Days of the Samurai,日本,2022,114,5,80,2022-08-13 15:30:00,北京地质礼堂一号厅
环球视野,峠 最后的武士,The Pass: Last Days of the Samurai,日本,2022,114,5,80,2022-08-14 18:30:00,天幕新彩云国际影城（巨幕店）巨幕厅
环球视野,峠 最后的武士,The Pass: Last Days of the Samurai,日本,2022,114,5,80,2022-08-18 20:10:00,深影国际影城（学院南路店）1号厅
环球视野,峠 最后的武士,The Pass: Last Days of the Samurai,日本,2022,114,5,80,2022-08-19 15:00:00,北京剧院大剧场激光4K厅
环球视野,峠 最后的武士,The Pass: Last Days of the Samurai,日本,2022,114,5,80,2022-08-21 13:00:00,UME影城（华星IMAX店）2号IMAX厅
环球视野,洞穴营救 4K,The Rescue,美国,2021,107,5,60,2022-08-13 20:40:00,英嘉国际影城（金源NEW CINITY店）4号厅
环球视野,洞穴营救 4K,The Rescue,美国,2021,107,5,60,2022-08-15 14:00:00,寰映影城（合生汇店）7号厅
环球视野,洞穴营救 4K,The Rescue,美国,2021,107,5,60,2022-08-15 20:30:00,深影国际影城（学院南路店）1号厅
环球视野,洞穴营救 4K,The Rescue,美国,2021,107,5,60,2022-08-17 13:00:00,中国电影资料馆艺术影院1号厅
环球视野,洞穴营救 4K,The Rescue,美国,2021,107,5,60,2022-08-21 18:30:00,保利国际影城（凯德MALL·大峡谷店）全景声激光巨幕厅
环球视野,父亲的身份,Fatherhood,美国,2021.0,109,5,60,2022-08-13 15:30:00,卢米埃影城（长楹天街IMAX店）三号厅
环球视野,父亲的身份,Fatherhood,美国,2021.0,109,5,60,2022-08-15 15:00:00,万达影城（CBD万达广场店）9号PRIME厅
环球视野,父亲的身份,Fatherhood,美国,2021.0,109,5,60,2022-08-17 20:50:00,深影国际影城（学院南路店）1号厅
环球视野,父亲的身份,Fatherhood,美国,2021.0,109,5,60,2022-08-19 15:00:00,深影国际影城（学院南路店）1号厅
环球视野,父亲的身份,Fatherhood,美国,2021.0,109,5,60,2022-08-19 20:45:00,卢米埃影城（长楹天街IMAX店）三号厅
环球视野,女仆,Viddana,乌克兰,2020,103,3,60,2022-08-15 19:30:00,万达影城（CBD万达广场店）9号PRIME厅
环球视野,女仆,Viddana,乌克兰,2020,103,3,60,2022-08-18 20:50:00,卢米埃影城（长楹天街IMAX店）三号厅
环球视野,女仆,Viddana,乌克兰,2020,103,3,60,2022-08-19 20:40:00,深影国际影城（学院南路店）1号厅
环球视野,疾速猪杀,Pig,英国,2021.0,91,3,60,2022-08-13 21:00:00,天幕新彩云国际影城（巨幕店）巨幕厅
环球视野,疾速猪杀,Pig,英国,2021.0,91,3,60,2022-08-18 19:30:00,中间影院剧场厅
环球视野,疾速猪杀,Pig,英国,2021.0,91,3,60,2022-08-02 18:30:00,卢米埃影城（长楹天街IMAX店）三号厅
环球视野-日本电影周,河畔须臾,Riverside Mukolitta,日本,2021.0,120,5,80,2022-08-13 20:30:00,深影国际影城（学院南路店）1号厅
环球视野-日本电影周,河畔须臾,Riverside Mukolitta,日本,2021.0,120,5,80,2022-08-14 13:00:00,北京地质礼堂一号厅
环球视野-日本电影周,河畔须臾,Riverside Mukolitta,日本,2021.0,120,5,80,2022-08-02 15:30:00,中国电影资料馆艺术影院1号厅
环球视野-日本电影周,河畔须臾,Riverside Mukolitta,日本,2021.0,120,5,80,2022-08-21 13:00:00,深影国际影城（学院南路店）1号厅
环球视野-日本电影周,河畔须臾,Riverside Mukolitta,日本,2021.0,120,5,80,2022-08-21 18:30:00,天幕新彩云国际影城（巨幕店）巨幕厅
环球视野-日本电影周,稍微想起一些,Just Remembering,日本,2021.0,115,3,80,2022-08-13 15:30:00,天幕新彩云国际影城（巨幕店）巨幕厅
环球视野-日本电影周,稍微想起一些,Just Remembering,日本,2021.0,115,3,80,2022-08-16 18:30:00,中国电影资料馆艺术影院1号厅
环球视野-日本电影周,稍微想起一些,Just Remembering,日本,2021.0,115,3,80,2022-08-19 20:40:00,北京地质礼堂一号厅
环球视野-日本电影周,你永远比那些家伙年轻,Eternally Younger Than Those Idiots,日本,2020.0,118,3,70,2022-08-14 18:30:00,卢米埃影城（长楹天街IMAX店）三号厅
环球视野-日本电影周,你永远比那些家伙年轻,Eternally Younger Than Those Idiots,日本,2020.0,118,3,70,2022-08-17 20:30:00,英嘉国际影城（金源NEW CINITY店）4号厅
环球视野-日本电影周,你永远比那些家伙年轻,Eternally Younger Than Those Idiots,日本,2020.0,118,3,70,2022-08-18 15:00:00,天幕新彩云国际影城（巨幕店）巨幕厅
环球视野-日本电影周,老师，您能坐在我旁边吗？,"Sensei, Would You Sit Beside Me?",日本,2021.0,119,3,70,2022-08-13 18:30:00,卢米埃影城（长楹天街IMAX店）三号厅
环球视野-日本电影周,老师，您能坐在我旁边吗？,"Sensei, Would You Sit Beside Me?",日本,2021.0,119,3,70,2022-08-14 13:00:00,北京剧院大剧场激光4K厅
环球视野-日本电影周,老师，您能坐在我旁边吗？,"Sensei, Would You Sit Beside Me?",日本,2021.0,119,3,70,2022-08-02 13:00:00,英嘉国际影城（金源NEW CINITY店）4号厅
华语力量,还是觉得你最好,Table for Six,中国香港,2022.0,116,1,60,2022-08-19 18:30:00,百老汇电影中心（万国城店）1号厅
华语力量,守望,Keep the Family Love,中国,2021.0,93,1,30,2022-08-19 13:00:00,中国电影资料馆艺术影院2号厅
华语力量,人间世,Once Upon A Life,中国,2021.0,90,1,50,2022-08-16 18:30:00,寰映影城（合生汇店）7号厅
华语力量-爱奇艺特别展映,再见吧！少年,Let Life Be Beautiful,中国,2020.0,119,1,40,2022-08-17 18:30:00,寰映影城（合生汇店）7号厅
华语力量-爱奇艺特别展映,雪山飞狐之塞北宝藏,The Hidden Fox,中国,2022,103,1,40,2022-08-19 18:30:00,耀莱成龙影城（慈云寺店）5号厅
华语力量-北京民族电影展,父母的城市生活,My Father and Mother,中国,2021.0,100.0,2,30,2022-08-17 10:30:00,百老汇电影中心（万国城店）1号厅
华语力量-北京民族电影展,父母的城市生活,My Father and Mother,中国,2021.0,100.0,2,30,2022-08-19 15:00:00,中间影院A厅
华语力量-北京民族电影展,穿过雨林,Through the Rainforest,中国,2021.0,100.0,1,30,2022-08-15 10:30:00,百老汇电影中心（万国城店）1号厅
华语力量-北京民族电影展,秀美人生,Huang Wenxiu,中国,2020.0,125.0,1,30,2022-08-16 15:30:00,卢米埃影城（长楹天街IMAX店）三号厅
嘉年华,攻壳机动队 4K,Ghost in the Shell,日本,1995.0,83.0,5,100,2022-08-16 21:00:00,英嘉国际影城（金源NEW CINITY店）4号厅
嘉年华,攻壳机动队 4K,Ghost in the Shell,日本,1995.0,83.0,5,100,2022-08-17 15:00:00,红剧场1厅
嘉年华,攻壳机动队 4K,Ghost in the Shell,日本,1995.0,83.0,5,100,2022-08-18 18:30:00,北京剧院大剧场激光4K厅
嘉年华,攻壳机动队 4K,Ghost in the Shell,日本,1995.0,83.0,5,100,2022-08-19 21:45:00,中国电影资料馆艺术影院1号厅
嘉年华,攻壳机动队 4K,Ghost in the Shell,日本,1995.0,83.0,5,100,2022-08-21 18:30:00,红剧场1厅
嘉年华,攻壳机动队 IMAX,Ghost in the Shell,日本,1995.0,83.0,3,120,2022-08-13 13:00:00,UME影城（华星IMAX店）2号IMAX厅
嘉年华,攻壳机动队 IMAX,Ghost in the Shell,日本,1995.0,83.0,3,120,2022-08-02 13:15:00,万达影城（CBD万达广场店）IMAX厅
嘉年华,攻壳机动队 IMAX,Ghost in the Shell,日本,1995.0,83.0,3,120,2022-08-21 19:30:00,卢米埃影城（长楹天街IMAX店）IMAX厅
嘉年华,教父 50周年杜比视界重制版,The Godfather 50th Anniversary Dolby Vision Remastered,美国,1972.0,175.0,7,180,2022-08-13 13:00:00,寰映影城（合生汇店）杜比影院
嘉年华,教父 50周年杜比视界重制版,The Godfather 50th Anniversary Dolby Vision Remastered,美国,1972.0,175.0,7,180,2022-08-13 18:30:00,万象影城（北京丽泽天街杜比影院）8号杜比影院
嘉年华,教父 50周年杜比视界重制版,The Godfather 50th Anniversary Dolby Vision Remastered,美国,1972.0,175.0,7,180,2022-08-14 15:00:00,寰映影城（合生汇店）杜比影院
嘉年华,教父 50周年杜比视界重制版,The Godfather 50th Anniversary Dolby Vision Remastered,美国,1972.0,175.0,7,180,2022-08-14 18:30:00,耀莱成龙影城（慈云寺店）杜比影院
嘉年华,教父 50周年杜比视界重制版,The Godfather 50th Anniversary Dolby Vision Remastered,美国,1972.0,175.0,7,180,2022-08-02 18:00:00,寰映影城（合生汇店）杜比影院
嘉年华,教父 50周年杜比视界重制版,The Godfather 50th Anniversary Dolby Vision Remastered,美国,1972.0,175.0,7,180,2022-08-02 18:30:00,耀莱成龙影城（慈云寺店）杜比影院
嘉年华,教父 50周年杜比视界重制版,The Godfather 50th Anniversary Dolby Vision Remastered,美国,1972.0,175.0,7,180,2022-08-21 18:30:00,万象影城（北京丽泽天街杜比影院）8号杜比影院
嘉年华,天空之城,Laputa：Castle in the Sky,日本,1986.0,125.0,1,80,2022-08-21 21:45:00,中国电影资料馆艺术影院1号厅
嘉年华-系列饕餮,哈利·波特与魔法石 IMAX,Harry Potter and the Sorcerer's Stone,美国/英国,2001.0,152.0,5,90,2022-08-13 13:00:00,万达影城（CBD万达广场店）IMAX厅
嘉年华-系列饕餮,哈利·波特与魔法石 IMAX,Harry Potter and the Sorcerer's Stone,美国/英国,2001.0,152.0,5,90,2022-08-14 13:15:00,卢米埃影城（长楹天街IMAX店）IMAX厅
嘉年华-系列饕餮,哈利·波特与魔法石 IMAX,Harry Potter and the Sorcerer's Stone,美国/英国,2001.0,152.0,5,90,2022-08-14 15:30:00,UME影城（华星IMAX店）2号IMAX厅
嘉年华-系列饕餮,哈利·波特与魔法石 IMAX,Harry Potter and the Sorcerer's Stone,美国/英国,2001.0,152.0,5,90,2022-08-17 19:30:00,万达影城（CBD万达广场店）IMAX厅
嘉年华-系列饕餮,哈利·波特与魔法石 IMAX,Harry Potter and the Sorcerer's Stone,美国/英国,2001.0,152.0,5,90,2022-08-02 13:15:00,卢米埃影城（长楹天街IMAX店）IMAX厅
嘉年华-系列饕餮,哈利·波特与密室 IMAX,Harry Potter and the Chamber of Secrets,美国/英国/德国,2002.0,161.0,5,90,2022-08-13 16:15:00,万达影城（CBD万达广场店）IMAX厅
嘉年华-系列饕餮,哈利·波特与密室 IMAX,Harry Potter and the Chamber of Secrets,美国/英国/德国,2002.0,161.0,5,90,2022-08-14 16:15:00,卢米埃影城（长楹天街IMAX店）IMAX厅
嘉年华-系列饕餮,哈利·波特与密室 IMAX,Harry Potter and the Chamber of Secrets,美国/英国/德国,2002.0,161.0,5,90,2022-08-14 19:00:00,UME影城（华星IMAX店）2号IMAX厅
嘉年华-系列饕餮,哈利·波特与密室 IMAX,Harry Potter and the Chamber of Secrets,美国/英国/德国,2002.0,161.0,5,90,2022-08-18 19:30:00,万达影城（CBD万达广场店）IMAX厅
嘉年华-系列饕餮,哈利·波特与密室 IMAX,Harry Potter and the Chamber of Secrets,美国/英国/德国,2002.0,161.0,5,90,2022-08-02 16:15:00,卢米埃影城（长楹天街IMAX店）IMAX厅
嘉年华-系列饕餮,哈利·波特与阿兹卡班的囚徒 IMAX,Harry Potter and the Prisoner of Azkaban,英国/美国,2004.0,141.0,5,90,2022-08-13 19:30:00,万达影城（CBD万达广场店）IMAX厅
嘉年华-系列饕餮,哈利·波特与阿兹卡班的囚徒 IMAX,Harry Potter and the Prisoner of Azkaban,英国/美国,2004.0,141.0,5,90,2022-08-14 19:30:00,卢米埃影城（长楹天街IMAX店）IMAX厅
嘉年华-系列饕餮,哈利·波特与阿兹卡班的囚徒 IMAX,Harry Potter and the Prisoner of Azkaban,英国/美国,2004.0,141.0,5,90,2022-08-15 19:30:00,UME影城（华星IMAX店）2号IMAX厅
嘉年华-系列饕餮,哈利·波特与阿兹卡班的囚徒 IMAX,Harry Potter and the Prisoner of Azkaban,英国/美国,2004.0,141.0,5,90,2022-08-19 19:30:00,万达影城（CBD万达广场店）IMAX厅
嘉年华-系列饕餮,哈利·波特与阿兹卡班的囚徒 IMAX,Harry Potter and the Prisoner of Azkaban,英国/美国,2004.0,141.0,5,90,2022-08-02 19:30:00,卢米埃影城（长楹天街IMAX店）IMAX厅
嘉年华-系列饕餮,哈利·波特与火焰杯 IMAX,Harry Potter and the Goblet of Fire,英国/美国,2005.0,157.0,5,90,2022-08-14 13:15:00,万达影城（CBD万达广场店）IMAX厅
嘉年华-系列饕餮,哈利·波特与火焰杯 IMAX,Harry Potter and the Goblet of Fire,英国/美国,2005.0,157.0,5,90,2022-08-16 19:30:00,UME影城（华星IMAX店）2号IMAX厅
嘉年华-系列饕餮,哈利·波特与火焰杯 IMAX,Harry Potter and the Goblet of Fire,英国/美国,2005.0,157.0,5,90,2022-08-18 19:30:00,卢米埃影城（长楹天街IMAX店）IMAX厅
嘉年华-系列饕餮,哈利·波特与火焰杯 IMAX,Harry Potter and the Goblet of Fire,英国/美国,2005.0,157.0,5,90,2022-08-02 15:00:00,万达影城（CBD万达广场店）IMAX厅
嘉年华-系列饕餮,哈利·波特与火焰杯 IMAX,Harry Potter and the Goblet of Fire,英国/美国,2005.0,157.0,5,90,2022-08-21 13:15:00,卢米埃影城（长楹天街IMAX店）IMAX厅
嘉年华-系列饕餮,哈利·波特与凤凰社 IMAX,Harry Potter and the Order of the Phoenix,美国/英国,2007.0,138.0,5,90,2022-08-14 16:15:00,万达影城（CBD万达广场店）IMAX厅
嘉年华-系列饕餮,哈利·波特与凤凰社 IMAX,Harry Potter and the Order of the Phoenix,美国/英国,2007.0,138.0,5,90,2022-08-17 19:30:00,UME影城（华星IMAX店）2号IMAX厅
嘉年华-系列饕餮,哈利·波特与凤凰社 IMAX,Harry Potter and the Order of the Phoenix,美国/英国,2007.0,138.0,5,90,2022-08-19 19:30:00,卢米埃影城（长楹天街IMAX店）IMAX厅
嘉年华-系列饕餮,哈利·波特与凤凰社 IMAX,Harry Potter and the Order of the Phoenix,美国/英国,2007.0,138.0,5,90,2022-08-02 18:30:00,万达影城（CBD万达广场店）IMAX厅
嘉年华-系列饕餮,哈利·波特与凤凰社 IMAX,Harry Potter and the Order of the Phoenix,美国/英国,2007.0,138.0,5,90,2022-08-21 16:15:00,卢米埃影城（长楹天街IMAX店）IMAX厅
嘉年华-系列饕餮,哈利·波特与混血王子 IMAX 3D,Harry Potter and the Half-Blood Prince,英国/美国,2009.0,153.0,5,90,2022-08-13 13:15:00,卢米埃影城（长楹天街IMAX店）IMAX厅
嘉年华-系列饕餮,哈利·波特与混血王子 IMAX 3D,Harry Potter and the Half-Blood Prince,英国/美国,2009.0,153.0,5,90,2022-08-14 19:30:00,万达影城（CBD万达广场店）IMAX厅
嘉年华-系列饕餮,哈利·波特与混血王子 IMAX 3D,Harry Potter and the Half-Blood Prince,英国/美国,2009.0,153.0,5,90,2022-08-15 19:30:00,卢米埃影城（长楹天街IMAX店）IMAX厅
嘉年华-系列饕餮,哈利·波特与混血王子 IMAX 3D,Harry Potter and the Half-Blood Prince,英国/美国,2009.0,153.0,5,90,2022-08-18 19:30:00,UME影城（华星IMAX店）2号IMAX厅
嘉年华-系列饕餮,哈利·波特与混血王子 IMAX 3D,Harry Potter and the Half-Blood Prince,英国/美国,2009.0,153.0,5,90,2022-08-21 13:00:00,万达影城（CBD万达广场店）IMAX厅
嘉年华-系列饕餮,哈利·波特与死亡圣器（上）IMAX,Harry Potter and the Deathly Hallows: Part 1,英国/美国,2010.0,146.0,5,90,2022-08-13 16:15:00,卢米埃影城（长楹天街IMAX店）IMAX厅
嘉年华-系列饕餮,哈利·波特与死亡圣器（上）IMAX,Harry Potter and the Deathly Hallows: Part 1,英国/美国,2010.0,146.0,5,90,2022-08-15 17:00:00,万达影城（CBD万达广场店）IMAX厅
嘉年华-系列饕餮,哈利·波特与死亡圣器（上）IMAX,Harry Potter and the Deathly Hallows: Part 1,英国/美国,2010.0,146.0,5,90,2022-08-16 19:30:00,卢米埃影城（长楹天街IMAX店）IMAX厅
嘉年华-系列饕餮,哈利·波特与死亡圣器（上）IMAX,Harry Potter and the Deathly Hallows: Part 1,英国/美国,2010.0,146.0,5,90,2022-08-02 13:00:00,UME影城（华星IMAX店）2号IMAX厅
嘉年华-系列饕餮,哈利·波特与死亡圣器（上）IMAX,Harry Potter and the Deathly Hallows: Part 1,英国/美国,2010.0,146.0,5,90,2022-08-21 16:00:00,万达影城（CBD万达广场店）IMAX厅
嘉年华-系列饕餮,哈利·波特与死亡圣器（下）IMAX 3D,Harry Potter and the Deathly Hallows: Part 2,英国,2011.0,130.0,5,90,2022-08-13 19:30:00,卢米埃影城（长楹天街IMAX店）IMAX厅
嘉年华-系列饕餮,哈利·波特与死亡圣器（下）IMAX 3D,Harry Potter and the Deathly Hallows: Part 2,英国,2011.0,130.0,5,90,2022-08-15 20:00:00,万达影城（CBD万达广场店）IMAX厅
嘉年华-系列饕餮,哈利·波特与死亡圣器（下）IMAX 3D,Harry Potter and the Deathly Hallows: Part 2,英国,2011.0,130.0,5,90,2022-08-17 19:30:00,卢米埃影城（长楹天街IMAX店）IMAX厅
嘉年华-系列饕餮,哈利·波特与死亡圣器（下）IMAX 3D,Harry Potter and the Deathly Hallows: Part 2,英国,2011.0,130.0,5,90,2022-08-02 16:00:00,UME影城（华星IMAX店）2号IMAX厅
嘉年华-系列饕餮,哈利·波特与死亡圣器（下）IMAX 3D,Harry Potter and the Deathly Hallows: Part 2,英国,2011.0,130.0,5,90,2022-08-21 19:30:00,万达影城（CBD万达广场店）IMAX厅
嘉年华-航海王：最初的感动,航海王：最初的感动,"ONE PIECE, ONE MOMENT",日本,2007/2008/2022,455.0,1,180,2022-08-21 13:00:00,北京剧院大剧场激光4K厅
嘉年华-航海王：最初的感动,航海王剧场版8：阿拉巴斯坦战记 沙漠王女与海盗们,"One Piece the Movie Episode of Alabasta
The Pirates and the Princess of the Desert",日本,2007.0,90.0,3,60,2022-08-21 13:00:00,北京剧院大剧场激光4K厅
嘉年华-航海王：最初的感动,航海王剧场版8：阿拉巴斯坦战记 沙漠王女与海盗们,"One Piece the Movie Episode of Alabasta
The Pirates and the Princess of the Desert",日本,2007.0,90.0,3,60,2022-08-14 15:00:00,耀莱成龙影城（慈云寺店）5号厅
嘉年华-航海王：最初的感动,航海王剧场版8：阿拉巴斯坦战记 沙漠王女与海盗们,"One Piece the Movie Episode of Alabasta
The Pirates and the Princess of the Desert",日本,2007.0,90.0,3,60,2022-08-19 18:30:00,寰映影城（合生汇店）7号厅
嘉年华-航海王：最初的感动,航海王剧场版9乔巴身世之谜：冬季绽放、奇迹的樱花,"One Piece the Movie Episode of Chopper+
The Miracle Winter Cherry Blossom",日本,2008.0,113.0,3,60,2022-08-21 15:00:00,北京剧院大剧场激光4K厅
嘉年华-航海王：最初的感动,航海王剧场版9乔巴身世之谜：冬季绽放、奇迹的樱花,"One Piece the Movie Episode of Chopper+
The Miracle Winter Cherry Blossom",日本,2008.0,113.0,3,60,2022-08-14 18:30:00,耀莱成龙影城（慈云寺店）5号厅
嘉年华-航海王：最初的感动,航海王剧场版9乔巴身世之谜：冬季绽放、奇迹的樱花,"One Piece the Movie Episode of Chopper+
The Miracle Winter Cherry Blossom",日本,2008.0,113.0,3,60,2022-08-19 20:30:00,寰映影城（合生汇店）7号厅
嘉年华-航海王：最初的感动,航海王：红发歌姬,One Piece Film Red,日本,2022.0,115.0,1,80,2022-08-21 18:30:00,北京剧院大剧场激光4K厅
嘉年华,海底世界 IMAX 3D,Under the Sea,美国/加拿大,2009.0,40.0,5,30,2022-08-13 13:50:00,中国电影博物馆IMAX厅
嘉年华,海底世界 IMAX 3D,Under the Sea,美国/加拿大,2009.0,40.0,5,30,2022-08-14 13:50:00,中国电影博物馆IMAX厅
嘉年华,海底世界 IMAX 3D,Under the Sea,美国/加拿大,2009.0,40.0,5,30,2022-08-18 12:40:00,中国电影博物馆IMAX厅
嘉年华,海底世界 IMAX 3D,Under the Sea,美国/加拿大,2009.0,40.0,5,30,2022-08-02 13:50:00,中国电影博物馆IMAX厅
嘉年华,海底世界 IMAX 3D,Under the Sea,美国/加拿大,2009.0,40.0,5,30,2022-08-21 13:50:00,中国电影博物馆IMAX厅
嘉年华,深海猎奇 IMAX 3D,Deep Sea,加拿大/美国,2006.0,41.0,5,30,2022-08-13 16:20:00,中国电影博物馆IMAX厅
嘉年华,深海猎奇 IMAX 3D,Deep Sea,加拿大/美国,2006.0,41.0,5,30,2022-08-14 16:20:00,中国电影博物馆IMAX厅
嘉年华,深海猎奇 IMAX 3D,Deep Sea,加拿大/美国,2006.0,41.0,5,30,2022-08-16 12:40:00,中国电影博物馆IMAX厅
嘉年华,深海猎奇 IMAX 3D,Deep Sea,加拿大/美国,2006.0,41.0,5,30,2022-08-02 16:20:00,中国电影博物馆IMAX厅
嘉年华,深海猎奇 IMAX 3D,Deep Sea,加拿大/美国,2006.0,41.0,5,30,2022-08-21 16:20:00,中国电影博物馆IMAX厅
嘉年华,回归野性 IMAX 3D,Born to Be Wild,美国,2011.0,40.0,5,30,2022-08-13 12:40:00,中国电影博物馆IMAX厅
嘉年华,回归野性 IMAX 3D,Born to Be Wild,美国,2011.0,40.0,5,30,2022-08-14 12:40:00,中国电影博物馆IMAX厅
嘉年华,回归野性 IMAX 3D,Born to Be Wild,美国,2011.0,40.0,5,30,2022-08-17 12:40:00,中国电影博物馆IMAX厅
嘉年华,回归野性 IMAX 3D,Born to Be Wild,美国,2011.0,40.0,5,30,2022-08-02 12:40:00,中国电影博物馆IMAX厅
嘉年华,回归野性 IMAX 3D,Born to Be Wild,美国,2011.0,40.0,5,30,2022-08-21 12:40:00,中国电影博物馆IMAX厅
嘉年华,国际空间站 IMAX 3D,Space Station,加拿大/美国,2002.0,47.0,5,30,2022-08-13 15:00:00,中国电影博物馆IMAX厅
嘉年华,国际空间站 IMAX 3D,Space Station,加拿大/美国,2002.0,47.0,5,30,2022-08-14 15:00:00,中国电影博物馆IMAX厅
嘉年华,国际空间站 IMAX 3D,Space Station,加拿大/美国,2002.0,47.0,5,30,2022-08-19 12:40:00,中国电影博物馆IMAX厅
嘉年华,国际空间站 IMAX 3D,Space Station,加拿大/美国,2002.0,47.0,5,30,2022-08-02 15:00:00,中国电影博物馆IMAX厅
嘉年华,国际空间站 IMAX 3D,Space Station,加拿大/美国,2002.0,47.0,5,30,2022-08-21 15:00:00,中国电影博物馆IMAX厅
嘉年华-北京国际体育电影周,吉普赛女王,Gipsy Queen,德国/奥地利,2019.0,117.0,1,20,2022-08-02 15:00:00,万达影城（怀柔万达广场店）1号厅
嘉年华-北京国际体育电影周,体操少女,Perfect Ten,英国,2019.0,84.0,1,20,2022-08-02 13:00:00,万达影城（怀柔万达广场店）1号厅
嘉年华-北京国际体育电影周,欧洲云杉 + 穿越者,Tjikko + Le Traversiadi,意大利,2021/2020,35+80,2,20,2022-08-17 20:30:00,卢米埃影城（长楹天街IMAX店）三号厅
嘉年华-北京国际体育电影周,欧洲云杉 + 穿越者,Tjikko + Le Traversiadi,意大利,2021/2020,35+80,2,20,2022-08-19 15:00:00,卢米埃影城（长楹天街IMAX店）三号厅
嘉年华-北京国际体育电影周,永恒之火,The Everything Flame:Beijing 2008,中国,2009.0,100.0,1,20,2022-08-14 15:00:00,万达影城（怀柔万达广场店）1号厅
嘉年华-北京国际体育电影周,了不起的老爸,On Your Mark,中国,2021.0,104.0,1,20,2022-08-15 17:00:00,百老汇电影中心（万国城店）1号厅
嘉年华-北京国际体育电影周,女篮五号,Woman Basketball Player No. 5,中国,1958.0,89.0,1,20,2022-08-14 13:00:00,万达影城（怀柔万达广场店）1号厅
嘉年华-北京国际体育电影周,我的九月,The September of Mine,中国,1990.0,92.0,1,20,2022-08-13 13:00:00,耀莱成龙影城（慈云寺店）5号厅
嘉年华-北京国际体育电影周,棒！少年,Tough Out,中国,2020.0,108.0,1,20,2022-08-13 15:00:00,耀莱成龙影城（慈云寺店）5号厅
